modelo,seed,rmse,hit_rate_at_10,precision_at_10,catalog_coverage,train_seconds,rec_seconds_total,evaluated_users
popularidad_cantidad,11,,0.04258943781942078,0.004258943781942078,0.012163694464488197,0.0,0.005313700006809086,587
popularidad_ponderada,11,,0.03236797274275979,0.003236797274275979,0.006288011545201526,0.0,0.002042700012680143,587
contenido_perfil,11,,0.0017035775127768314,0.00017035775127768313,0.07782702814142872,0.0,3.0798706999921706,587
colaborativo,11,1.024542356629638,0.034071550255536626,0.0034071550255536627,0.07256983816101432,22.044108200003393,17.528711599996313,587
hibrido_a0.25,11,1.024542356629638,0.03236797274275979,0.003236797274275979,0.10318523863519224,22.044108200003393,21.38703089999035,587
hibrido_a0.75,11,1.024542356629638,0.03236797274275979,0.003236797274275979,0.07638387795072672,22.044108200003393,23.317852500011213,587
popularidad_cantidad,42,,0.04258943781942078,0.004258943781942078,0.012163694464488197,0.0,0.005313700006809086,587
popularidad_ponderada,42,,0.03236797274275979,0.003236797274275979,0.006288011545201526,0.0,0.002042700012680143,587
contenido_perfil,42,,0.0017035775127768314,0.00017035775127768313,0.07782702814142872,0.0,3.0798706999921706,587
colaborativo,42,1.0264183126391635,0.03747870528109029,0.003747870528109029,0.0746314812905886,32.65262229999644,17.911560799984727,587
hibrido_a0.25,42,1.0264183126391635,0.03236797274275979,0.003236797274275979,0.10648386764251108,32.65262229999644,23.038901699968847,587
hibrido_a0.75,42,1.0264183126391635,0.03747870528109029,0.003747870528109029,0.07751778167199258,32.65262229999644,22.681123999966076,587
popularidad_cantidad,73,,0.04258943781942078,0.004258943781942078,0.012163694464488197,0.0,0.005313700006809086,587
popularidad_ponderada,73,,0.03236797274275979,0.003236797274275979,0.006288011545201526,0.0,0.002042700012680143,587
contenido_perfil,73,,0.0017035775127768314,0.00017035775127768313,0.07782702814142872,0.0,3.0798706999921706,587
colaborativo,73,1.0331176323520785,0.028960817717206135,0.0028960817717206136,0.07875476754973713,22.582933099998627,19.420410699996864,587
hibrido_a0.25,73,1.0331176323520785,0.028960817717206135,0.0028960817717206136,0.10916400371095764,22.582933099998627,22.97466720000375,587
hibrido_a0.75,73,1.0331176323520785,0.028960817717206135,0.0028960817717206136,0.08184723224409855,22.582933099998627,22.977392100001452,587
