modelo,perfil,usuarios,hit_rate_at_10
popularidad_cantidad,poco_historial,197,0.05583756345177665
popularidad_cantidad,historial_medio,194,0.051546391752577324
popularidad_cantidad,mucho_historial,196,0.02040816326530612
popularidad_ponderada,poco_historial,197,0.03553299492385787
popularidad_ponderada,historial_medio,194,0.051546391752577324
popularidad_ponderada,mucho_historial,196,0.01020408163265306
contenido_perfil,poco_historial,197,0.005076142131979695
contenido_perfil,historial_medio,194,0.0
contenido_perfil,mucho_historial,196,0.0
colaborativo,poco_historial,197,0.03722504230118443
colaborativo,historial_medio,194,0.04295532646048109
colaborativo,mucho_historial,196,0.02040816326530612
hibrido_a0.25,poco_historial,197,0.05414551607445008
hibrido_a0.25,historial_medio,194,0.020618556701030927
hibrido_a0.25,mucho_historial,196,0.01870748299319728
hibrido_a0.75,poco_historial,197,0.04568527918781726
hibrido_a0.75,historial_medio,194,0.03951890034364261
hibrido_a0.75,mucho_historial,196,0.013605442176870748
