movieId,title,genres,content_score,source
8656,"Short Film About Killing, A (Krótki film o zabijaniu) (1988)",Crime|Drama,1.0,contenido
63768,Tattooed Life (Irezumi ichidai) (1965),Crime|Drama,1.0,contenido
62250,Gomorrah (Gomorra) (2008),Crime|Drama,1.0,contenido
161127,The Infiltrator (2016),Crime|Drama,1.0,contenido
60753,Felon (2008),Crime|Drama,1.0,contenido
1466,Donnie Brasco (1997),Crime|Drama,1.0,contenido
45210,United 93 (2006),Crime|Drama,1.0,contenido
43912,Freedomland (2006),Crime|Drama,1.0,contenido
44301,Lights in the Dusk (Laitakaupungin valot) (2006),Crime|Drama,1.0,contenido
1227,Once Upon a Time in America (1984),Crime|Drama,1.0,contenido
